{
  "dataset_name": "perov_1k",
  "target_property": "dir_gap",
  "preprocessing_params": {
    "train_size": 1000,
    "val_size": 1135,
    "test_size": 1135,
    "stratify_bins": 10,
    "random_state": 42
  },
  "formation_energy_stats": {
    "overall": {
      "mean": 1.4850704473406129,
      "std": 0.7391113735517927,
      "min": -0.64,
      "max": 5.16
    },
    "train": {
      "mean": 1.5243400000000003,
      "std": 0.7418052570853346,
      "min": -0.26,
      "max": 4.58
    },
    "val": {
      "mean": 1.467242290748899,
      "std": 0.7036228173598311,
      "min": -0.3,
      "max": 4.58
    },
    "test": {
      "mean": 1.4906607929515419,
      "std": 0.7642055069121035,
      "min": -0.34,
      "max": 4.68
    }
  },
  "target_property_stats": {
    "overall": {
      "mean": 0.09107960549489257,
      "std": 0.5470843710343831,
      "min": 0.0,
      "max": 7.9
    },
    "train": {
      "mean": 0.07700000000000001,
      "std": 0.4742107926606858,
      "min": 0.0,
      "max": 6.2
    },
    "val": {
      "mean": 0.06784140969162994,
      "std": 0.435379997269859,
      "min": 0.0,
      "max": 5.7
    },
    "test": {
      "mean": 0.06819383259911893,
      "std": 0.4432939447800799,
      "min": 0.0,
      "max": 6.0
    }
  }
}